<?xml version="1.0" encoding="UTF-8"?>
<project-private xmlns="http://www.netbeans.org/ns/project-private/1">
    <editor-bookmarks xmlns="http://www.netbeans.org/ns/editor-bookmarks/2" lastBookmarkId="0"/>
    <open-files xmlns="http://www.netbeans.org/ns/projectui-open-files/2">
        <group>
            <file>file:/C:/Users/flavi/Downloads/Avalicao2_AngeloFenti_Novo/Avalicao2_AngeloFenti_Novo/Avalicao2_AngeloFenti/Avalicao2_AngeloFenti/src/br/com/avaliacao2/ctr/RelatorioCTR.java</file>
            <file>file:/C:/Users/flavi/Downloads/Avalicao2_AngeloFenti_Novo/Avalicao2_AngeloFenti_Novo/Avalicao2_AngeloFenti/Avalicao2_AngeloFenti/src/br/com/avaliacao2/rels/Rel_produto_geral.jrxml</file>
        </group>
    </open-files>
</project-private>
